{"cameraMode":{"drawMode":0,"name":"Shaded","section":"Shading Mode"},"sceneLighting":false,"audioPlay":false,"sceneViewState":{"showFog":true,"showMaterialUpdate":false,"showSkybox":false,"showFlares":true,"showImageEffects":true,"showParticleSystems":true},"in2DMode":false,"pivot":{"x":-28.279422760009767,"y":29.846233367919923,"z":514.0},"rotation":{"x":0.24076423048973084,"y":-0.03493987396359444,"z":0.008674572221934796,"w":0.9699264168739319},"size":553.2205810546875,"orthographic":false}