{"cameraMode":{"drawMode":0,"name":"Shaded","section":"Shading Mode"},"sceneLighting":true,"audioPlay":false,"sceneViewState":{"showFog":true,"showMaterialUpdate":false,"showSkybox":false,"showFlares":true,"showImageEffects":true,"showParticleSystems":true},"in2DMode":false,"pivot":{"x":10.640632629394532,"y":-355.1700134277344,"z":49.900001525878909},"rotation":{"x":0.05877295881509781,"y":-0.013484387658536435,"z":0.0007949454593472183,"w":0.9981913566589356},"size":224.2701873779297,"orthographic":false}