{"cameraMode":{"drawMode":0,"name":"Shaded","section":"Shading Mode"},"sceneLighting":true,"audioPlay":false,"sceneViewState":{"showFog":true,"showMaterialUpdate":false,"showSkybox":false,"showFlares":true,"showImageEffects":true,"showParticleSystems":true},"in2DMode":false,"pivot":{"x":10.665634155273438,"y":-355.1700134277344,"z":49.92499923706055},"rotation":{"x":0.19701635837554933,"y":0.0014628036879003049,"z":-0.0002934967924375087,"w":0.9804109930992127},"size":224.2410888671875,"orthographic":false}